Task,Testing Accuracy,Training Accuracy,Validation Accuracy
1,0.997,1.0,1.0
2,0.884,1.0,0.94
3,0.715,0.997777777778,0.72
4,0.973,1.0,0.96
5,0.86,0.998888888889,0.88
6,0.96,1.0,0.97
7,0.867,0.963333333333,0.93
8,0.886,0.993333333333,0.81
9,0.973,1.0,0.99
10,0.93,1.0,0.95
11,0.946,1.0,0.98
12,0.978,1.0,0.98
13,0.975,1.0,0.98
14,0.878,1.0,0.9
15,0.547,0.665555555556,0.51
16,0.47,0.677777777778,0.55
17,0.532,0.741111111111,0.6
18,0.895,0.953333333333,0.92
19,0.086,0.264444444444,0.08
20,0.999,1.0,0.99
